exp_id,angle(degree),vel(m/s)
1,0,4
2,5,4
3,10,4
4,15,4
5,20,4
6,25,4
7,30,4
8,35,4
9,40,4
10,45,4
11,50,4
12,55,4
13,60,4
14,65,4
15,70,4
16,75,4
17,80,4
18,85,4
19,90,4
20,95,4
21,100,4
22,105,4
23,110,4
24,115,4
25,120,4
26,125,4
27,130,4
28,135,4
29,140,4
30,145,4
31,150,4
32,155,4
33,160,4
34,165,4
35,170,4
36,175,4
37,180,4
38,185,4
39,190,4
40,195,4
41,200,4
42,205,4
43,210,4
44,215,4
45,220,4
46,225,4
47,230,4
48,235,4
49,240,4
50,245,4
51,250,4
52,255,4
53,260,4
54,265,4
55,270,4
56,275,4
57,280,4
58,285,4
59,290,4
60,295,4
61,300,4
62,305,4
63,310,4
64,315,4
65,320,4
66,325,4
67,330,4
68,335,4
69,340,4
70,345,4
71,350,4
72,355,4
73,0,4.5
74,5,4.5
75,10,4.5
76,15,4.5
77,20,4.5
78,25,4.5
79,30,4.5
80,35,4.5
81,40,4.5
82,45,4.5
83,50,4.5
84,55,4.5
85,60,4.5
86,65,4.5
87,70,4.5
88,75,4.5
89,80,4.5
90,85,4.5
91,90,4.5
92,95,4.5
93,100,4.5
94,105,4.5
95,110,4.5
96,115,4.5
97,120,4.5
98,125,4.5
99,130,4.5
100,135,4.5
101,140,4.5
102,145,4.5
103,150,4.5
104,155,4.5
105,160,4.5
106,165,4.5
107,170,4.5
108,175,4.5
109,180,4.5
110,185,4.5
111,190,4.5
112,195,4.5
113,200,4.5
114,205,4.5
115,210,4.5
116,215,4.5
117,220,4.5
118,225,4.5
119,230,4.5
120,235,4.5
121,240,4.5
122,245,4.5
123,250,4.5
124,255,4.5
125,260,4.5
126,265,4.5
127,270,4.5
128,275,4.5
129,280,4.5
130,285,4.5
131,290,4.5
132,295,4.5
133,300,4.5
134,305,4.5
135,310,4.5
136,315,4.5
137,320,4.5
138,325,4.5
139,330,4.5
140,335,4.5
141,340,4.5
142,345,4.5
143,350,4.5
144,355,4.5
145,0,5
146,5,5
147,10,5
148,15,5
149,20,5
150,25,5
151,30,5
152,35,5
153,40,5
154,45,5
155,50,5
156,55,5
157,60,5
158,65,5
159,70,5
160,75,5
161,80,5
162,85,5
163,90,5
164,95,5
165,100,5
166,105,5
167,110,5
168,115,5
169,120,5
170,125,5
171,130,5
172,135,5
173,140,5
174,145,5
175,150,5
176,155,5
177,160,5
178,165,5
179,170,5
180,175,5
181,180,5
182,185,5
183,190,5
184,195,5
185,200,5
186,205,5
187,210,5
188,215,5
189,220,5
190,225,5
191,230,5
192,235,5
193,240,5
194,245,5
195,250,5
196,255,5
197,260,5
198,265,5
199,270,5
200,275,5
201,280,5
202,285,5
203,290,5
204,295,5
205,300,5
206,305,5
207,310,5
208,315,5
209,320,5
210,325,5
211,330,5
212,335,5
213,340,5
214,345,5
215,350,5
216,355,5
217,0,5.5
218,5,5.5
219,10,5.5
220,15,5.5
221,20,5.5
222,25,5.5
223,30,5.5
224,35,5.5
225,40,5.5
226,45,5.5
227,50,5.5
228,55,5.5
229,60,5.5
230,65,5.5
231,70,5.5
232,75,5.5
233,80,5.5
234,85,5.5
235,90,5.5
236,95,5.5
237,100,5.5
238,105,5.5
239,110,5.5
240,115,5.5
241,120,5.5
242,125,5.5
243,130,5.5
244,135,5.5
245,140,5.5
246,145,5.5
247,150,5.5
248,155,5.5
249,160,5.5
250,165,5.5
251,170,5.5
252,175,5.5
253,180,5.5
254,185,5.5
255,190,5.5
256,195,5.5
257,200,5.5
258,205,5.5
259,210,5.5
260,215,5.5
261,220,5.5
262,225,5.5
263,230,5.5
264,235,5.5
265,240,5.5
266,245,5.5
267,250,5.5
268,255,5.5
269,260,5.5
270,265,5.5
271,270,5.5
272,275,5.5
273,280,5.5
274,285,5.5
275,290,5.5
276,295,5.5
277,300,5.5
278,305,5.5
279,310,5.5
280,315,5.5
281,320,5.5
282,325,5.5
283,330,5.5
284,335,5.5
285,340,5.5
286,345,5.5
287,350,5.5
288,355,5.5
289,0,6
290,5,6
291,10,6
292,15,6
293,20,6
294,25,6
295,30,6
296,35,6
297,40,6
298,45,6
299,50,6
300,55,6
301,60,6
302,65,6
303,70,6
304,75,6
305,80,6
306,85,6
307,90,6
308,95,6
309,100,6
310,105,6
311,110,6
312,115,6
313,120,6
314,125,6
315,130,6
316,135,6
317,140,6
318,145,6
319,150,6
320,155,6
321,160,6
322,165,6
323,170,6
324,175,6
325,180,6
326,185,6
327,190,6
328,195,6
329,200,6
330,205,6
331,210,6
332,215,6
333,220,6
334,225,6
335,230,6
336,235,6
337,240,6
338,245,6
339,250,6
340,255,6
341,260,6
342,265,6
343,270,6
344,275,6
345,280,6
346,285,6
347,290,6
348,295,6
349,300,6
350,305,6
351,310,6
352,315,6
353,320,6
354,325,6
355,330,6
356,335,6
357,340,6
358,345,6
359,350,6
360,355,6
361,0,6.5
362,5,6.5
363,10,6.5
364,15,6.5
365,20,6.5
366,25,6.5
367,30,6.5
368,35,6.5
369,40,6.5
370,45,6.5
371,50,6.5
372,55,6.5
373,60,6.5
374,65,6.5
375,70,6.5
376,75,6.5
377,80,6.5
378,85,6.5
379,90,6.5
380,95,6.5
381,100,6.5
382,105,6.5
383,110,6.5
384,115,6.5
385,120,6.5
386,125,6.5
387,130,6.5
388,135,6.5
389,140,6.5
390,145,6.5
391,150,6.5
392,155,6.5
393,160,6.5
394,165,6.5
395,170,6.5
396,175,6.5
397,180,6.5
398,185,6.5
399,190,6.5
400,195,6.5
401,200,6.5
402,205,6.5
403,210,6.5
404,215,6.5
405,220,6.5
406,225,6.5
407,230,6.5
408,235,6.5
409,240,6.5
410,245,6.5
411,250,6.5
412,255,6.5
413,260,6.5
414,265,6.5
415,270,6.5
416,275,6.5
417,280,6.5
418,285,6.5
419,290,6.5
420,295,6.5
421,300,6.5
422,305,6.5
423,310,6.5
424,315,6.5
425,320,6.5
426,325,6.5
427,330,6.5
428,335,6.5
429,340,6.5
430,345,6.5
431,350,6.5
432,355,6.5
433,0,7
434,5,7
435,10,7
436,15,7
437,20,7
438,25,7
439,30,7
440,35,7
441,40,7
442,45,7
443,50,7
444,55,7
445,60,7
446,65,7
447,70,7
448,75,7
449,80,7
450,85,7
451,90,7
452,95,7
453,100,7
454,105,7
455,110,7
456,115,7
457,120,7
458,125,7
459,130,7
460,135,7
461,140,7
462,145,7
463,150,7
464,155,7
465,160,7
466,165,7
467,170,7
468,175,7
469,180,7
470,185,7
471,190,7
472,195,7
473,200,7
474,205,7
475,210,7
476,215,7
477,220,7
478,225,7
479,230,7
480,235,7
481,240,7
482,245,7
483,250,7
484,255,7
485,260,7
486,265,7
487,270,7
488,275,7
489,280,7
490,285,7
491,290,7
492,295,7
493,300,7
494,305,7
495,310,7
496,315,7
497,320,7
498,325,7
499,330,7
500,335,7
501,340,7
502,345,7
503,350,7
504,355,7
505,0,7.5
506,5,7.5
507,10,7.5
508,15,7.5
509,20,7.5
510,25,7.5
511,30,7.5
512,35,7.5
513,40,7.5
514,45,7.5
515,50,7.5
516,55,7.5
517,60,7.5
518,65,7.5
519,70,7.5
520,75,7.5
521,80,7.5
522,85,7.5
523,90,7.5
524,95,7.5
525,100,7.5
526,105,7.5
527,110,7.5
528,115,7.5
529,120,7.5
530,125,7.5
531,130,7.5
532,135,7.5
533,140,7.5
534,145,7.5
535,150,7.5
536,155,7.5
537,160,7.5
538,165,7.5
539,170,7.5
540,175,7.5
541,180,7.5
542,185,7.5
543,190,7.5
544,195,7.5
545,200,7.5
546,205,7.5
547,210,7.5
548,215,7.5
549,220,7.5
550,225,7.5
551,230,7.5
552,235,7.5
553,240,7.5
554,245,7.5
555,250,7.5
556,255,7.5
557,260,7.5
558,265,7.5
559,270,7.5
560,275,7.5
561,280,7.5
562,285,7.5
563,290,7.5
564,295,7.5
565,300,7.5
566,305,7.5
567,310,7.5
568,315,7.5
569,320,7.5
570,325,7.5
571,330,7.5
572,335,7.5
573,340,7.5
574,345,7.5
575,350,7.5
576,355,7.5
577,0,8
578,5,8
579,10,8
580,15,8
581,20,8
582,25,8
583,30,8
584,35,8
585,40,8
586,45,8
587,50,8
588,55,8
589,60,8
590,65,8
591,70,8
592,75,8
593,80,8
594,85,8
595,90,8
596,95,8
597,100,8
598,105,8
599,110,8
600,115,8
601,120,8
602,125,8
603,130,8
604,135,8
605,140,8
606,145,8
607,150,8
608,155,8
609,160,8
610,165,8
611,170,8
612,175,8
613,180,8
614,185,8
615,190,8
616,195,8
617,200,8
618,205,8
619,210,8
620,215,8
621,220,8
622,225,8
623,230,8
624,235,8
625,240,8
626,245,8
627,250,8
628,255,8
629,260,8
630,265,8
631,270,8
632,275,8
633,280,8
634,285,8
635,290,8
636,295,8
637,300,8
638,305,8
639,310,8
640,315,8
641,320,8
642,325,8
643,330,8
644,335,8
645,340,8
646,345,8
647,350,8
648,355,8
649,0,8.5
650,5,8.5
651,10,8.5
652,15,8.5
653,20,8.5
654,25,8.5
655,30,8.5
656,35,8.5
657,40,8.5
658,45,8.5
659,50,8.5
660,55,8.5
661,60,8.5
662,65,8.5
663,70,8.5
664,75,8.5
665,80,8.5
666,85,8.5
667,90,8.5
668,95,8.5
669,100,8.5
670,105,8.5
671,110,8.5
672,115,8.5
673,120,8.5
674,125,8.5
675,130,8.5
676,135,8.5
677,140,8.5
678,145,8.5
679,150,8.5
680,155,8.5
681,160,8.5
682,165,8.5
683,170,8.5
684,175,8.5
685,180,8.5
686,185,8.5
687,190,8.5
688,195,8.5
689,200,8.5
690,205,8.5
691,210,8.5
692,215,8.5
693,220,8.5
694,225,8.5
695,230,8.5
696,235,8.5
697,240,8.5
698,245,8.5
699,250,8.5
700,255,8.5
701,260,8.5
702,265,8.5
703,270,8.5
704,275,8.5
705,280,8.5
706,285,8.5
707,290,8.5
708,295,8.5
709,300,8.5
710,305,8.5
711,310,8.5
712,315,8.5
713,320,8.5
714,325,8.5
715,330,8.5
716,335,8.5
717,340,8.5
718,345,8.5
719,350,8.5
720,355,8.5
721,0,9
722,5,9
723,10,9
724,15,9
725,20,9
726,25,9
727,30,9
728,35,9
729,40,9
730,45,9
731,50,9
732,55,9
733,60,9
734,65,9
735,70,9
736,75,9
737,80,9
738,85,9
739,90,9
740,95,9
741,100,9
742,105,9
743,110,9
744,115,9
745,120,9
746,125,9
747,130,9
748,135,9
749,140,9
750,145,9
751,150,9
752,155,9
753,160,9
754,165,9
755,170,9
756,175,9
757,180,9
758,185,9
759,190,9
760,195,9
761,200,9
762,205,9
763,210,9
764,215,9
765,220,9
766,225,9
767,230,9
768,235,9
769,240,9
770,245,9
771,250,9
772,255,9
773,260,9
774,265,9
775,270,9
776,275,9
777,280,9
778,285,9
779,290,9
780,295,9
781,300,9
782,305,9
783,310,9
784,315,9
785,320,9
786,325,9
787,330,9
788,335,9
789,340,9
790,345,9
791,350,9
792,355,9
793,0,9.5
794,5,9.5
795,10,9.5
796,15,9.5
797,20,9.5
798,25,9.5
799,30,9.5
800,35,9.5
801,40,9.5
802,45,9.5
803,50,9.5
804,55,9.5
805,60,9.5
806,65,9.5
807,70,9.5
808,75,9.5
809,80,9.5
810,85,9.5
811,90,9.5
812,95,9.5
813,100,9.5
814,105,9.5
815,110,9.5
816,115,9.5
817,120,9.5
818,125,9.5
819,130,9.5
820,135,9.5
821,140,9.5
822,145,9.5
823,150,9.5
824,155,9.5
825,160,9.5
826,165,9.5
827,170,9.5
828,175,9.5
829,180,9.5
830,185,9.5
831,190,9.5
832,195,9.5
833,200,9.5
834,205,9.5
835,210,9.5
836,215,9.5
837,220,9.5
838,225,9.5
839,230,9.5
840,235,9.5
841,240,9.5
842,245,9.5
843,250,9.5
844,255,9.5
845,260,9.5
846,265,9.5
847,270,9.5
848,275,9.5
849,280,9.5
850,285,9.5
851,290,9.5
852,295,9.5
853,300,9.5
854,305,9.5
855,310,9.5
856,315,9.5
857,320,9.5
858,325,9.5
859,330,9.5
860,335,9.5
861,340,9.5
862,345,9.5
863,350,9.5
864,355,9.5
865,0,10
866,5,10
867,10,10
868,15,10
869,20,10
870,25,10
871,30,10
872,35,10
873,40,10
874,45,10
875,50,10
876,55,10
877,60,10
878,65,10
879,70,10
880,75,10
881,80,10
882,85,10
883,90,10
884,95,10
885,100,10
886,105,10
887,110,10
888,115,10
889,120,10
890,125,10
891,130,10
892,135,10
893,140,10
894,145,10
895,150,10
896,155,10
897,160,10
898,165,10
899,170,10
900,175,10
901,180,10
902,185,10
903,190,10
904,195,10
905,200,10
906,205,10
907,210,10
908,215,10
909,220,10
910,225,10
911,230,10
912,235,10
913,240,10
914,245,10
915,250,10
916,255,10
917,260,10
918,265,10
919,270,10
920,275,10
921,280,10
922,285,10
923,290,10
924,295,10
925,300,10
926,305,10
927,310,10
928,315,10
929,320,10
930,325,10
931,330,10
932,335,10
933,340,10
934,345,10
935,350,10
936,355,10
937,0,10.5
938,5,10.5
939,10,10.5
940,15,10.5
941,20,10.5
942,25,10.5
943,30,10.5
944,35,10.5
945,40,10.5
946,45,10.5
947,50,10.5
948,55,10.5
949,60,10.5
950,65,10.5
951,70,10.5
952,75,10.5
953,80,10.5
954,85,10.5
955,90,10.5
956,95,10.5
957,100,10.5
958,105,10.5
959,110,10.5
960,115,10.5
961,120,10.5
962,125,10.5
963,130,10.5
964,135,10.5
965,140,10.5
966,145,10.5
967,150,10.5
968,155,10.5
969,160,10.5
970,165,10.5
971,170,10.5
972,175,10.5
973,180,10.5
974,185,10.5
975,190,10.5
976,195,10.5
977,200,10.5
978,205,10.5
979,210,10.5
980,215,10.5
981,220,10.5
982,225,10.5
983,230,10.5
984,235,10.5
985,240,10.5
986,245,10.5
987,250,10.5
988,255,10.5
989,260,10.5
990,265,10.5
991,270,10.5
992,275,10.5
993,280,10.5
994,285,10.5
995,290,10.5
996,295,10.5
997,300,10.5
998,305,10.5
999,310,10.5
1000,315,10.5
1001,320,10.5
1002,325,10.5
1003,330,10.5
1004,335,10.5
1005,340,10.5
1006,345,10.5
1007,350,10.5
1008,355,10.5
1009,0,11
1010,5,11
1011,10,11
1012,15,11
1013,20,11
1014,25,11
1015,30,11
1016,35,11
1017,40,11
1018,45,11
1019,50,11
1020,55,11
1021,60,11
1022,65,11
1023,70,11
1024,75,11
1025,80,11
1026,85,11
1027,90,11
1028,95,11
1029,100,11
1030,105,11
1031,110,11
1032,115,11
1033,120,11
1034,125,11
1035,130,11
1036,135,11
1037,140,11
1038,145,11
1039,150,11
1040,155,11
1041,160,11
1042,165,11
1043,170,11
1044,175,11
1045,180,11
1046,185,11
1047,190,11
1048,195,11
1049,200,11
1050,205,11
1051,210,11
1052,215,11
1053,220,11
1054,225,11
1055,230,11
1056,235,11
1057,240,11
1058,245,11
1059,250,11
1060,255,11
1061,260,11
1062,265,11
1063,270,11
1064,275,11
1065,280,11
1066,285,11
1067,290,11
1068,295,11
1069,300,11
1070,305,11
1071,310,11
1072,315,11
1073,320,11
1074,325,11
1075,330,11
1076,335,11
1077,340,11
1078,345,11
1079,350,11
1080,355,11
1081,0,11.5
1082,5,11.5
1083,10,11.5
1084,15,11.5
1085,20,11.5
1086,25,11.5
1087,30,11.5
1088,35,11.5
1089,40,11.5
1090,45,11.5
1091,50,11.5
1092,55,11.5
1093,60,11.5
1094,65,11.5
1095,70,11.5
1096,75,11.5
1097,80,11.5
1098,85,11.5
1099,90,11.5
1100,95,11.5
1101,100,11.5
1102,105,11.5
1103,110,11.5
1104,115,11.5
1105,120,11.5
1106,125,11.5
1107,130,11.5
1108,135,11.5
1109,140,11.5
1110,145,11.5
1111,150,11.5
1112,155,11.5
1113,160,11.5
1114,165,11.5
1115,170,11.5
1116,175,11.5
1117,180,11.5
1118,185,11.5
1119,190,11.5
1120,195,11.5
1121,200,11.5
1122,205,11.5
1123,210,11.5
1124,215,11.5
1125,220,11.5
1126,225,11.5
1127,230,11.5
1128,235,11.5
1129,240,11.5
1130,245,11.5
1131,250,11.5
1132,255,11.5
1133,260,11.5
1134,265,11.5
1135,270,11.5
1136,275,11.5
1137,280,11.5
1138,285,11.5
1139,290,11.5
1140,295,11.5
1141,300,11.5
1142,305,11.5
1143,310,11.5
1144,315,11.5
1145,320,11.5
1146,325,11.5
1147,330,11.5
1148,335,11.5
1149,340,11.5
1150,345,11.5
1151,350,11.5
1152,355,11.5
1153,0,12
1154,5,12
1155,10,12
1156,15,12
1157,20,12
1158,25,12
1159,30,12
1160,35,12
1161,40,12
1162,45,12
1163,50,12
1164,55,12
1165,60,12
1166,65,12
1167,70,12
1168,75,12
1169,80,12
1170,85,12
1171,90,12
1172,95,12
1173,100,12
1174,105,12
1175,110,12
1176,115,12
1177,120,12
1178,125,12
1179,130,12
1180,135,12
1181,140,12
1182,145,12
1183,150,12
1184,155,12
1185,160,12
1186,165,12
1187,170,12
1188,175,12
1189,180,12
1190,185,12
1191,190,12
1192,195,12
1193,200,12
1194,205,12
1195,210,12
1196,215,12
1197,220,12
1198,225,12
1199,230,12
1200,235,12
1201,240,12
1202,245,12
1203,250,12
1204,255,12
1205,260,12
1206,265,12
1207,270,12
1208,275,12
1209,280,12
1210,285,12
1211,290,12
1212,295,12
1213,300,12
1214,305,12
1215,310,12
1216,315,12
1217,320,12
1218,325,12
1219,330,12
1220,335,12
1221,340,12
1222,345,12
1223,350,12
1224,355,12
1225,0,12.5
1226,5,12.5
1227,10,12.5
1228,15,12.5
1229,20,12.5
1230,25,12.5
1231,30,12.5
1232,35,12.5
1233,40,12.5
1234,45,12.5
1235,50,12.5
1236,55,12.5
1237,60,12.5
1238,65,12.5
1239,70,12.5
1240,75,12.5
1241,80,12.5
1242,85,12.5
1243,90,12.5
1244,95,12.5
1245,100,12.5
1246,105,12.5
1247,110,12.5
1248,115,12.5
1249,120,12.5
1250,125,12.5
1251,130,12.5
1252,135,12.5
1253,140,12.5
1254,145,12.5
1255,150,12.5
1256,155,12.5
1257,160,12.5
1258,165,12.5
1259,170,12.5
1260,175,12.5
1261,180,12.5
1262,185,12.5
1263,190,12.5
1264,195,12.5
1265,200,12.5
1266,205,12.5
1267,210,12.5
1268,215,12.5
1269,220,12.5
1270,225,12.5
1271,230,12.5
1272,235,12.5
1273,240,12.5
1274,245,12.5
1275,250,12.5
1276,255,12.5
1277,260,12.5
1278,265,12.5
1279,270,12.5
1280,275,12.5
1281,280,12.5
1282,285,12.5
1283,290,12.5
1284,295,12.5
1285,300,12.5
1286,305,12.5
1287,310,12.5
1288,315,12.5
1289,320,12.5
1290,325,12.5
1291,330,12.5
1292,335,12.5
1293,340,12.5
1294,345,12.5
1295,350,12.5
1296,355,12.5
1297,0,13
1298,5,13
1299,10,13
1300,15,13
1301,20,13
1302,25,13
1303,30,13
1304,35,13
1305,40,13
1306,45,13
1307,50,13
1308,55,13
1309,60,13
1310,65,13
1311,70,13
1312,75,13
1313,80,13
1314,85,13
1315,90,13
1316,95,13
1317,100,13
1318,105,13
1319,110,13
1320,115,13
1321,120,13
1322,125,13
1323,130,13
1324,135,13
1325,140,13
1326,145,13
1327,150,13
1328,155,13
1329,160,13
1330,165,13
1331,170,13
1332,175,13
1333,180,13
1334,185,13
1335,190,13
1336,195,13
1337,200,13
1338,205,13
1339,210,13
1340,215,13
1341,220,13
1342,225,13
1343,230,13
1344,235,13
1345,240,13
1346,245,13
1347,250,13
1348,255,13
1349,260,13
1350,265,13
1351,270,13
1352,275,13
1353,280,13
1354,285,13
1355,290,13
1356,295,13
1357,300,13
1358,305,13
1359,310,13
1360,315,13
1361,320,13
1362,325,13
1363,330,13
1364,335,13
1365,340,13
1366,345,13
1367,350,13
1368,355,13
1369,0,13.5
1370,5,13.5
1371,10,13.5
1372,15,13.5
1373,20,13.5
1374,25,13.5
1375,30,13.5
1376,35,13.5
1377,40,13.5
1378,45,13.5
1379,50,13.5
1380,55,13.5
1381,60,13.5
1382,65,13.5
1383,70,13.5
1384,75,13.5
1385,80,13.5
1386,85,13.5
1387,90,13.5
1388,95,13.5
1389,100,13.5
1390,105,13.5
1391,110,13.5
1392,115,13.5
1393,120,13.5
1394,125,13.5
1395,130,13.5
1396,135,13.5
1397,140,13.5
1398,145,13.5
1399,150,13.5
1400,155,13.5
1401,160,13.5
1402,165,13.5
1403,170,13.5
1404,175,13.5
1405,180,13.5
1406,185,13.5
1407,190,13.5
1408,195,13.5
1409,200,13.5
1410,205,13.5
1411,210,13.5
1412,215,13.5
1413,220,13.5
1414,225,13.5
1415,230,13.5
1416,235,13.5
1417,240,13.5
1418,245,13.5
1419,250,13.5
1420,255,13.5
1421,260,13.5
1422,265,13.5
1423,270,13.5
1424,275,13.5
1425,280,13.5
1426,285,13.5
1427,290,13.5
1428,295,13.5
1429,300,13.5
1430,305,13.5
1431,310,13.5
1432,315,13.5
1433,320,13.5
1434,325,13.5
1435,330,13.5
1436,335,13.5
1437,340,13.5
1438,345,13.5
1439,350,13.5
1440,355,13.5
1441,0,14
1442,5,14
1443,10,14
1444,15,14
1445,20,14
1446,25,14
1447,30,14
1448,35,14
1449,40,14
1450,45,14
1451,50,14
1452,55,14
1453,60,14
1454,65,14
1455,70,14
1456,75,14
1457,80,14
1458,85,14
1459,90,14
1460,95,14
1461,100,14
1462,105,14
1463,110,14
1464,115,14
1465,120,14
1466,125,14
1467,130,14
1468,135,14
1469,140,14
1470,145,14
1471,150,14
1472,155,14
1473,160,14
1474,165,14
1475,170,14
1476,175,14
1477,180,14
1478,185,14
1479,190,14
1480,195,14
1481,200,14
1482,205,14
1483,210,14
1484,215,14
1485,220,14
1486,225,14
1487,230,14
1488,235,14
1489,240,14
1490,245,14
1491,250,14
1492,255,14
1493,260,14
1494,265,14
1495,270,14
1496,275,14
1497,280,14
1498,285,14
1499,290,14
1500,295,14
1501,300,14
1502,305,14
1503,310,14
1504,315,14
1505,320,14
1506,325,14
1507,330,14
1508,335,14
1509,340,14
1510,345,14
1511,350,14
1512,355,14
1513,0,14.5
1514,5,14.5
1515,10,14.5
1516,15,14.5
1517,20,14.5
1518,25,14.5
1519,30,14.5
1520,35,14.5
1521,40,14.5
1522,45,14.5
1523,50,14.5
1524,55,14.5
1525,60,14.5
1526,65,14.5
1527,70,14.5
1528,75,14.5
1529,80,14.5
1530,85,14.5
1531,90,14.5
1532,95,14.5
1533,100,14.5
1534,105,14.5
1535,110,14.5
1536,115,14.5
1537,120,14.5
1538,125,14.5
1539,130,14.5
1540,135,14.5
1541,140,14.5
1542,145,14.5
1543,150,14.5
1544,155,14.5
1545,160,14.5
1546,165,14.5
1547,170,14.5
1548,175,14.5
1549,180,14.5
1550,185,14.5
1551,190,14.5
1552,195,14.5
1553,200,14.5
1554,205,14.5
1555,210,14.5
1556,215,14.5
1557,220,14.5
1558,225,14.5
1559,230,14.5
1560,235,14.5
1561,240,14.5
1562,245,14.5
1563,250,14.5
1564,255,14.5
1565,260,14.5
1566,265,14.5
1567,270,14.5
1568,275,14.5
1569,280,14.5
1570,285,14.5
1571,290,14.5
1572,295,14.5
1573,300,14.5
1574,305,14.5
1575,310,14.5
1576,315,14.5
1577,320,14.5
1578,325,14.5
1579,330,14.5
1580,335,14.5
1581,340,14.5
1582,345,14.5
1583,350,14.5
1584,355,14.5
1585,0,15
1586,5,15
1587,10,15
1588,15,15
1589,20,15
1590,25,15
1591,30,15
1592,35,15
1593,40,15
1594,45,15
1595,50,15
1596,55,15
1597,60,15
1598,65,15
1599,70,15
1600,75,15
1601,80,15
1602,85,15
1603,90,15
1604,95,15
1605,100,15
1606,105,15
1607,110,15
1608,115,15
1609,120,15
1610,125,15
1611,130,15
1612,135,15
1613,140,15
1614,145,15
1615,150,15
1616,155,15
1617,160,15
1618,165,15
1619,170,15
1620,175,15
1621,180,15
1622,185,15
1623,190,15
1624,195,15
1625,200,15
1626,205,15
1627,210,15
1628,215,15
1629,220,15
1630,225,15
1631,230,15
1632,235,15
1633,240,15
1634,245,15
1635,250,15
1636,255,15
1637,260,15
1638,265,15
1639,270,15
1640,275,15
1641,280,15
1642,285,15
1643,290,15
1644,295,15
1645,300,15
1646,305,15
1647,310,15
1648,315,15
1649,320,15
1650,325,15
1651,330,15
1652,335,15
1653,340,15
1654,345,15
1655,350,15
1656,355,15
1657,0,15.5
1658,5,15.5
1659,10,15.5
1660,15,15.5
1661,20,15.5
1662,25,15.5
1663,30,15.5
1664,35,15.5
1665,40,15.5
1666,45,15.5
1667,50,15.5
1668,55,15.5
1669,60,15.5
1670,65,15.5
1671,70,15.5
1672,75,15.5
1673,80,15.5
1674,85,15.5
1675,90,15.5
1676,95,15.5
1677,100,15.5
1678,105,15.5
1679,110,15.5
1680,115,15.5
1681,120,15.5
1682,125,15.5
1683,130,15.5
1684,135,15.5
1685,140,15.5
1686,145,15.5
1687,150,15.5
1688,155,15.5
1689,160,15.5
1690,165,15.5
1691,170,15.5
1692,175,15.5
1693,180,15.5
1694,185,15.5
1695,190,15.5
1696,195,15.5
1697,200,15.5
1698,205,15.5
1699,210,15.5
1700,215,15.5
1701,220,15.5
1702,225,15.5
1703,230,15.5
1704,235,15.5
1705,240,15.5
1706,245,15.5
1707,250,15.5
1708,255,15.5
1709,260,15.5
1710,265,15.5
1711,270,15.5
1712,275,15.5
1713,280,15.5
1714,285,15.5
1715,290,15.5
1716,295,15.5
1717,300,15.5
1718,305,15.5
1719,310,15.5
1720,315,15.5
1721,320,15.5
1722,325,15.5
1723,330,15.5
1724,335,15.5
1725,340,15.5
1726,345,15.5
1727,350,15.5
1728,355,15.5
1729,0,16
1730,5,16
1731,10,16
1732,15,16
1733,20,16
1734,25,16
1735,30,16
1736,35,16
1737,40,16
1738,45,16
1739,50,16
1740,55,16
1741,60,16
1742,65,16
1743,70,16
1744,75,16
1745,80,16
1746,85,16
1747,90,16
1748,95,16
1749,100,16
1750,105,16
1751,110,16
1752,115,16
1753,120,16
1754,125,16
1755,130,16
1756,135,16
1757,140,16
1758,145,16
1759,150,16
1760,155,16
1761,160,16
1762,165,16
1763,170,16
1764,175,16
1765,180,16
1766,185,16
1767,190,16
1768,195,16
1769,200,16
1770,205,16
1771,210,16
1772,215,16
1773,220,16
1774,225,16
1775,230,16
1776,235,16
1777,240,16
1778,245,16
1779,250,16
1780,255,16
1781,260,16
1782,265,16
1783,270,16
1784,275,16
1785,280,16
1786,285,16
1787,290,16
1788,295,16
1789,300,16
1790,305,16
1791,310,16
1792,315,16
1793,320,16
1794,325,16
1795,330,16
1796,335,16
1797,340,16
1798,345,16
1799,350,16
1800,355,16
1801,0,16.5
1802,5,16.5
1803,10,16.5
1804,15,16.5
1805,20,16.5
1806,25,16.5
1807,30,16.5
1808,35,16.5
1809,40,16.5
1810,45,16.5
1811,50,16.5
1812,55,16.5
1813,60,16.5
1814,65,16.5
1815,70,16.5
1816,75,16.5
1817,80,16.5
1818,85,16.5
1819,90,16.5
1820,95,16.5
1821,100,16.5
1822,105,16.5
1823,110,16.5
1824,115,16.5
1825,120,16.5
1826,125,16.5
1827,130,16.5
1828,135,16.5
1829,140,16.5
1830,145,16.5
1831,150,16.5
1832,155,16.5
1833,160,16.5
1834,165,16.5
1835,170,16.5
1836,175,16.5
1837,180,16.5
1838,185,16.5
1839,190,16.5
1840,195,16.5
1841,200,16.5
1842,205,16.5
1843,210,16.5
1844,215,16.5
1845,220,16.5
1846,225,16.5
1847,230,16.5
1848,235,16.5
1849,240,16.5
1850,245,16.5
1851,250,16.5
1852,255,16.5
1853,260,16.5
1854,265,16.5
1855,270,16.5
1856,275,16.5
1857,280,16.5
1858,285,16.5
1859,290,16.5
1860,295,16.5
1861,300,16.5
1862,305,16.5
1863,310,16.5
1864,315,16.5
1865,320,16.5
1866,325,16.5
1867,330,16.5
1868,335,16.5
1869,340,16.5
1870,345,16.5
1871,350,16.5
1872,355,16.5
1873,0,17
1874,5,17
1875,10,17
1876,15,17
1877,20,17
1878,25,17
1879,30,17
1880,35,17
1881,40,17
1882,45,17
1883,50,17
1884,55,17
1885,60,17
1886,65,17
1887,70,17
1888,75,17
1889,80,17
1890,85,17
1891,90,17
1892,95,17
1893,100,17
1894,105,17
1895,110,17
1896,115,17
1897,120,17
1898,125,17
1899,130,17
1900,135,17
1901,140,17
1902,145,17
1903,150,17
1904,155,17
1905,160,17
1906,165,17
1907,170,17
1908,175,17
1909,180,17
1910,185,17
1911,190,17
1912,195,17
1913,200,17
1914,205,17
1915,210,17
1916,215,17
1917,220,17
1918,225,17
1919,230,17
1920,235,17
1921,240,17
1922,245,17
1923,250,17
1924,255,17
1925,260,17
1926,265,17
1927,270,17
1928,275,17
1929,280,17
1930,285,17
1931,290,17
1932,295,17
1933,300,17
1934,305,17
1935,310,17
1936,315,17
1937,320,17
1938,325,17
1939,330,17
1940,335,17
1941,340,17
1942,345,17
1943,350,17
1944,355,17
1945,0,17.5
1946,5,17.5
1947,10,17.5
1948,15,17.5
1949,20,17.5
1950,25,17.5
1951,30,17.5
1952,35,17.5
1953,40,17.5
1954,45,17.5
1955,50,17.5
1956,55,17.5
1957,60,17.5
1958,65,17.5
1959,70,17.5
1960,75,17.5
1961,80,17.5
1962,85,17.5
1963,90,17.5
1964,95,17.5
1965,100,17.5
1966,105,17.5
1967,110,17.5
1968,115,17.5
1969,120,17.5
1970,125,17.5
1971,130,17.5
1972,135,17.5
1973,140,17.5
1974,145,17.5
1975,150,17.5
1976,155,17.5
1977,160,17.5
1978,165,17.5
1979,170,17.5
1980,175,17.5
1981,180,17.5
1982,185,17.5
1983,190,17.5
1984,195,17.5
1985,200,17.5
1986,205,17.5
1987,210,17.5
1988,215,17.5
1989,220,17.5
1990,225,17.5
1991,230,17.5
1992,235,17.5
1993,240,17.5
1994,245,17.5
1995,250,17.5
1996,255,17.5
1997,260,17.5
1998,265,17.5
1999,270,17.5
2000,275,17.5
2001,280,17.5
2002,285,17.5
2003,290,17.5
2004,295,17.5
2005,300,17.5
2006,305,17.5
2007,310,17.5
2008,315,17.5
2009,320,17.5
2010,325,17.5
2011,330,17.5
2012,335,17.5
2013,340,17.5
2014,345,17.5
2015,350,17.5
2016,355,17.5
2017,0,18
2018,5,18
2019,10,18
2020,15,18
2021,20,18
2022,25,18
2023,30,18
2024,35,18
2025,40,18
2026,45,18
2027,50,18
2028,55,18
2029,60,18
2030,65,18
2031,70,18
2032,75,18
2033,80,18
2034,85,18
2035,90,18
2036,95,18
2037,100,18
2038,105,18
2039,110,18
2040,115,18
2041,120,18
2042,125,18
2043,130,18
2044,135,18
2045,140,18
2046,145,18
2047,150,18
2048,155,18
2049,160,18
2050,165,18
2051,170,18
2052,175,18
2053,180,18
2054,185,18
2055,190,18
2056,195,18
2057,200,18
2058,205,18
2059,210,18
2060,215,18
2061,220,18
2062,225,18
2063,230,18
2064,235,18
2065,240,18
2066,245,18
2067,250,18
2068,255,18
2069,260,18
2070,265,18
2071,270,18
2072,275,18
2073,280,18
2074,285,18
2075,290,18
2076,295,18
2077,300,18
2078,305,18
2079,310,18
2080,315,18
2081,320,18
2082,325,18
2083,330,18
2084,335,18
2085,340,18
2086,345,18
2087,350,18
2088,355,18
2089,0,18.5
2090,5,18.5
2091,10,18.5
2092,15,18.5
2093,20,18.5
2094,25,18.5
2095,30,18.5
2096,35,18.5
2097,40,18.5
2098,45,18.5
2099,50,18.5
2100,55,18.5
2101,60,18.5
2102,65,18.5
2103,70,18.5
2104,75,18.5
2105,80,18.5
2106,85,18.5
2107,90,18.5
2108,95,18.5
2109,100,18.5
2110,105,18.5
2111,110,18.5
2112,115,18.5
2113,120,18.5
2114,125,18.5
2115,130,18.5
2116,135,18.5
2117,140,18.5
2118,145,18.5
2119,150,18.5
2120,155,18.5
2121,160,18.5
2122,165,18.5
2123,170,18.5
2124,175,18.5
2125,180,18.5
2126,185,18.5
2127,190,18.5
2128,195,18.5
2129,200,18.5
2130,205,18.5
2131,210,18.5
2132,215,18.5
2133,220,18.5
2134,225,18.5
2135,230,18.5
2136,235,18.5
2137,240,18.5
2138,245,18.5
2139,250,18.5
2140,255,18.5
2141,260,18.5
2142,265,18.5
2143,270,18.5
2144,275,18.5
2145,280,18.5
2146,285,18.5
2147,290,18.5
2148,295,18.5
2149,300,18.5
2150,305,18.5
2151,310,18.5
2152,315,18.5
2153,320,18.5
2154,325,18.5
2155,330,18.5
2156,335,18.5
2157,340,18.5
2158,345,18.5
2159,350,18.5
2160,355,18.5
2161,0,19
2162,5,19
2163,10,19
2164,15,19
2165,20,19
2166,25,19
2167,30,19
2168,35,19
2169,40,19
2170,45,19
2171,50,19
2172,55,19
2173,60,19
2174,65,19
2175,70,19
2176,75,19
2177,80,19
2178,85,19
2179,90,19
2180,95,19
2181,100,19
2182,105,19
2183,110,19
2184,115,19
2185,120,19
2186,125,19
2187,130,19
2188,135,19
2189,140,19
2190,145,19
2191,150,19
2192,155,19
2193,160,19
2194,165,19
2195,170,19
2196,175,19
2197,180,19
2198,185,19
2199,190,19
2200,195,19
2201,200,19
2202,205,19
2203,210,19
2204,215,19
2205,220,19
2206,225,19
2207,230,19
2208,235,19
2209,240,19
2210,245,19
2211,250,19
2212,255,19
2213,260,19
2214,265,19
2215,270,19
2216,275,19
2217,280,19
2218,285,19
2219,290,19
2220,295,19
2221,300,19
2222,305,19
2223,310,19
2224,315,19
2225,320,19
2226,325,19
2227,330,19
2228,335,19
2229,340,19
2230,345,19
2231,350,19
2232,355,19
2233,0,19.5
2234,5,19.5
2235,10,19.5
2236,15,19.5
2237,20,19.5
2238,25,19.5
2239,30,19.5
2240,35,19.5
2241,40,19.5
2242,45,19.5
2243,50,19.5
2244,55,19.5
2245,60,19.5
2246,65,19.5
2247,70,19.5
2248,75,19.5
2249,80,19.5
2250,85,19.5
2251,90,19.5
2252,95,19.5
2253,100,19.5
2254,105,19.5
2255,110,19.5
2256,115,19.5
2257,120,19.5
2258,125,19.5
2259,130,19.5
2260,135,19.5
2261,140,19.5
2262,145,19.5
2263,150,19.5
2264,155,19.5
2265,160,19.5
2266,165,19.5
2267,170,19.5
2268,175,19.5
2269,180,19.5
2270,185,19.5
2271,190,19.5
2272,195,19.5
2273,200,19.5
2274,205,19.5
2275,210,19.5
2276,215,19.5
2277,220,19.5
2278,225,19.5
2279,230,19.5
2280,235,19.5
2281,240,19.5
2282,245,19.5
2283,250,19.5
2284,255,19.5
2285,260,19.5
2286,265,19.5
2287,270,19.5
2288,275,19.5
2289,280,19.5
2290,285,19.5
2291,290,19.5
2292,295,19.5
2293,300,19.5
2294,305,19.5
2295,310,19.5
2296,315,19.5
2297,320,19.5
2298,325,19.5
2299,330,19.5
2300,335,19.5
2301,340,19.5
2302,345,19.5
2303,350,19.5
2304,355,19.5
2305,0,20
2306,5,20
2307,10,20
2308,15,20
2309,20,20
2310,25,20
2311,30,20
2312,35,20
2313,40,20
2314,45,20
2315,50,20
2316,55,20
2317,60,20
2318,65,20
2319,70,20
2320,75,20
2321,80,20
2322,85,20
2323,90,20
2324,95,20
2325,100,20
2326,105,20
2327,110,20
2328,115,20
2329,120,20
2330,125,20
2331,130,20
2332,135,20
2333,140,20
2334,145,20
2335,150,20
2336,155,20
2337,160,20
2338,165,20
2339,170,20
2340,175,20
2341,180,20
2342,185,20
2343,190,20
2344,195,20
2345,200,20
2346,205,20
2347,210,20
2348,215,20
2349,220,20
2350,225,20
2351,230,20
2352,235,20
2353,240,20
2354,245,20
2355,250,20
2356,255,20
2357,260,20
2358,265,20
2359,270,20
2360,275,20
2361,280,20
2362,285,20
2363,290,20
2364,295,20
2365,300,20
2366,305,20
2367,310,20
2368,315,20
2369,320,20
2370,325,20
2371,330,20
2372,335,20
2373,340,20
2374,345,20
2375,350,20
2376,355,20
2377,0,20.5
2378,5,20.5
2379,10,20.5
2380,15,20.5
2381,20,20.5
2382,25,20.5
2383,30,20.5
2384,35,20.5
2385,40,20.5
2386,45,20.5
2387,50,20.5
2388,55,20.5
2389,60,20.5
2390,65,20.5
2391,70,20.5
2392,75,20.5
2393,80,20.5
2394,85,20.5
2395,90,20.5
2396,95,20.5
2397,100,20.5
2398,105,20.5
2399,110,20.5
2400,115,20.5
2401,120,20.5
2402,125,20.5
2403,130,20.5
2404,135,20.5
2405,140,20.5
2406,145,20.5
2407,150,20.5
2408,155,20.5
2409,160,20.5
2410,165,20.5
2411,170,20.5
2412,175,20.5
2413,180,20.5
2414,185,20.5
2415,190,20.5
2416,195,20.5
2417,200,20.5
2418,205,20.5
2419,210,20.5
2420,215,20.5
2421,220,20.5
2422,225,20.5
2423,230,20.5
2424,235,20.5
2425,240,20.5
2426,245,20.5
2427,250,20.5
2428,255,20.5
2429,260,20.5
2430,265,20.5
2431,270,20.5
2432,275,20.5
2433,280,20.5
2434,285,20.5
2435,290,20.5
2436,295,20.5
2437,300,20.5
2438,305,20.5
2439,310,20.5
2440,315,20.5
2441,320,20.5
2442,325,20.5
2443,330,20.5
2444,335,20.5
2445,340,20.5
2446,345,20.5
2447,350,20.5
2448,355,20.5
2449,0,21
2450,5,21
2451,10,21
2452,15,21
2453,20,21
2454,25,21
2455,30,21
2456,35,21
2457,40,21
2458,45,21
2459,50,21
2460,55,21
2461,60,21
2462,65,21
2463,70,21
2464,75,21
2465,80,21
2466,85,21
2467,90,21
2468,95,21
2469,100,21
2470,105,21
2471,110,21
2472,115,21
2473,120,21
2474,125,21
2475,130,21
2476,135,21
2477,140,21
2478,145,21
2479,150,21
2480,155,21
2481,160,21
2482,165,21
2483,170,21
2484,175,21
2485,180,21
2486,185,21
2487,190,21
2488,195,21
2489,200,21
2490,205,21
2491,210,21
2492,215,21
2493,220,21
2494,225,21
2495,230,21
2496,235,21
2497,240,21
2498,245,21
2499,250,21
2500,255,21
2501,260,21
2502,265,21
2503,270,21
2504,275,21
2505,280,21
2506,285,21
2507,290,21
2508,295,21
2509,300,21
2510,305,21
2511,310,21
2512,315,21
2513,320,21
2514,325,21
2515,330,21
2516,335,21
2517,340,21
2518,345,21
2519,350,21
2520,355,21
2521,0,21.5
2522,5,21.5
2523,10,21.5
2524,15,21.5
2525,20,21.5
2526,25,21.5
2527,30,21.5
2528,35,21.5
2529,40,21.5
2530,45,21.5
2531,50,21.5
2532,55,21.5
2533,60,21.5
2534,65,21.5
2535,70,21.5
2536,75,21.5
2537,80,21.5
2538,85,21.5
2539,90,21.5
2540,95,21.5
2541,100,21.5
2542,105,21.5
2543,110,21.5
2544,115,21.5
2545,120,21.5
2546,125,21.5
2547,130,21.5
2548,135,21.5
2549,140,21.5
2550,145,21.5
2551,150,21.5
2552,155,21.5
2553,160,21.5
2554,165,21.5
2555,170,21.5
2556,175,21.5
2557,180,21.5
2558,185,21.5
2559,190,21.5
2560,195,21.5
2561,200,21.5
2562,205,21.5
2563,210,21.5
2564,215,21.5
2565,220,21.5
2566,225,21.5
2567,230,21.5
2568,235,21.5
2569,240,21.5
2570,245,21.5
2571,250,21.5
2572,255,21.5
2573,260,21.5
2574,265,21.5
2575,270,21.5
2576,275,21.5
2577,280,21.5
2578,285,21.5
2579,290,21.5
2580,295,21.5
2581,300,21.5
2582,305,21.5
2583,310,21.5
2584,315,21.5
2585,320,21.5
2586,325,21.5
2587,330,21.5
2588,335,21.5
2589,340,21.5
2590,345,21.5
2591,350,21.5
2592,355,21.5
2593,0,22
2594,5,22
2595,10,22
2596,15,22
2597,20,22
2598,25,22
2599,30,22
2600,35,22
2601,40,22
2602,45,22
2603,50,22
2604,55,22
2605,60,22
2606,65,22
2607,70,22
2608,75,22
2609,80,22
2610,85,22
2611,90,22
2612,95,22
2613,100,22
2614,105,22
2615,110,22
2616,115,22
2617,120,22
2618,125,22
2619,130,22
2620,135,22
2621,140,22
2622,145,22
2623,150,22
2624,155,22
2625,160,22
2626,165,22
2627,170,22
2628,175,22
2629,180,22
2630,185,22
2631,190,22
2632,195,22
2633,200,22
2634,205,22
2635,210,22
2636,215,22
2637,220,22
2638,225,22
2639,230,22
2640,235,22
2641,240,22
2642,245,22
2643,250,22
2644,255,22
2645,260,22
2646,265,22
2647,270,22
2648,275,22
2649,280,22
2650,285,22
2651,290,22
2652,295,22
2653,300,22
2654,305,22
2655,310,22
2656,315,22
2657,320,22
2658,325,22
2659,330,22
2660,335,22
2661,340,22
2662,345,22
2663,350,22
2664,355,22
2665,0,22.5
2666,5,22.5
2667,10,22.5
2668,15,22.5
2669,20,22.5
2670,25,22.5
2671,30,22.5
2672,35,22.5
2673,40,22.5
2674,45,22.5
2675,50,22.5
2676,55,22.5
2677,60,22.5
2678,65,22.5
2679,70,22.5
2680,75,22.5
2681,80,22.5
2682,85,22.5
2683,90,22.5
2684,95,22.5
2685,100,22.5
2686,105,22.5
2687,110,22.5
2688,115,22.5
2689,120,22.5
2690,125,22.5
2691,130,22.5
2692,135,22.5
2693,140,22.5
2694,145,22.5
2695,150,22.5
2696,155,22.5
2697,160,22.5
2698,165,22.5
2699,170,22.5
2700,175,22.5
2701,180,22.5
2702,185,22.5
2703,190,22.5
2704,195,22.5
2705,200,22.5
2706,205,22.5
2707,210,22.5
2708,215,22.5
2709,220,22.5
2710,225,22.5
2711,230,22.5
2712,235,22.5
2713,240,22.5
2714,245,22.5
2715,250,22.5
2716,255,22.5
2717,260,22.5
2718,265,22.5
2719,270,22.5
2720,275,22.5
2721,280,22.5
2722,285,22.5
2723,290,22.5
2724,295,22.5
2725,300,22.5
2726,305,22.5
2727,310,22.5
2728,315,22.5
2729,320,22.5
2730,325,22.5
2731,330,22.5
2732,335,22.5
2733,340,22.5
2734,345,22.5
2735,350,22.5
2736,355,22.5
2737,0,23
2738,5,23
2739,10,23
2740,15,23
2741,20,23
2742,25,23
2743,30,23
2744,35,23
2745,40,23
2746,45,23
2747,50,23
2748,55,23
2749,60,23
2750,65,23
2751,70,23
2752,75,23
2753,80,23
2754,85,23
2755,90,23
2756,95,23
2757,100,23
2758,105,23
2759,110,23
2760,115,23
2761,120,23
2762,125,23
2763,130,23
2764,135,23
2765,140,23
2766,145,23
2767,150,23
2768,155,23
2769,160,23
2770,165,23
2771,170,23
2772,175,23
2773,180,23
2774,185,23
2775,190,23
2776,195,23
2777,200,23
2778,205,23
2779,210,23
2780,215,23
2781,220,23
2782,225,23
2783,230,23
2784,235,23
2785,240,23
2786,245,23
2787,250,23
2788,255,23
2789,260,23
2790,265,23
2791,270,23
2792,275,23
2793,280,23
2794,285,23
2795,290,23
2796,295,23
2797,300,23
2798,305,23
2799,310,23
2800,315,23
2801,320,23
2802,325,23
2803,330,23
2804,335,23
2805,340,23
2806,345,23
2807,350,23
2808,355,23
2809,0,23.5
2810,5,23.5
2811,10,23.5
2812,15,23.5
2813,20,23.5
2814,25,23.5
2815,30,23.5
2816,35,23.5
2817,40,23.5
2818,45,23.5
2819,50,23.5
2820,55,23.5
2821,60,23.5
2822,65,23.5
2823,70,23.5
2824,75,23.5
2825,80,23.5
2826,85,23.5
2827,90,23.5
2828,95,23.5
2829,100,23.5
2830,105,23.5
2831,110,23.5
2832,115,23.5
2833,120,23.5
2834,125,23.5
2835,130,23.5
2836,135,23.5
2837,140,23.5
2838,145,23.5
2839,150,23.5
2840,155,23.5
2841,160,23.5
2842,165,23.5
2843,170,23.5
2844,175,23.5
2845,180,23.5
2846,185,23.5
2847,190,23.5
2848,195,23.5
2849,200,23.5
2850,205,23.5
2851,210,23.5
2852,215,23.5
2853,220,23.5
2854,225,23.5
2855,230,23.5
2856,235,23.5
2857,240,23.5
2858,245,23.5
2859,250,23.5
2860,255,23.5
2861,260,23.5
2862,265,23.5
2863,270,23.5
2864,275,23.5
2865,280,23.5
2866,285,23.5
2867,290,23.5
2868,295,23.5
2869,300,23.5
2870,305,23.5
2871,310,23.5
2872,315,23.5
2873,320,23.5
2874,325,23.5
2875,330,23.5
2876,335,23.5
2877,340,23.5
2878,345,23.5
2879,350,23.5
2880,355,23.5
2881,0,24
2882,5,24
2883,10,24
2884,15,24
2885,20,24
2886,25,24
2887,30,24
2888,35,24
2889,40,24
2890,45,24
2891,50,24
2892,55,24
2893,60,24
2894,65,24
2895,70,24
2896,75,24
2897,80,24
2898,85,24
2899,90,24
2900,95,24
2901,100,24
2902,105,24
2903,110,24
2904,115,24
2905,120,24
2906,125,24
2907,130,24
2908,135,24
2909,140,24
2910,145,24
2911,150,24
2912,155,24
2913,160,24
2914,165,24
2915,170,24
2916,175,24
2917,180,24
2918,185,24
2919,190,24
2920,195,24
2921,200,24
2922,205,24
2923,210,24
2924,215,24
2925,220,24
2926,225,24
2927,230,24
2928,235,24
2929,240,24
2930,245,24
2931,250,24
2932,255,24
2933,260,24
2934,265,24
2935,270,24
2936,275,24
2937,280,24
2938,285,24
2939,290,24
2940,295,24
2941,300,24
2942,305,24
2943,310,24
2944,315,24
2945,320,24
2946,325,24
2947,330,24
2948,335,24
2949,340,24
2950,345,24
2951,350,24
2952,355,24
2953,0,24.5
2954,5,24.5
2955,10,24.5
2956,15,24.5
2957,20,24.5
2958,25,24.5
2959,30,24.5
2960,35,24.5
2961,40,24.5
2962,45,24.5
2963,50,24.5
2964,55,24.5
2965,60,24.5
2966,65,24.5
2967,70,24.5
2968,75,24.5
2969,80,24.5
2970,85,24.5
2971,90,24.5
2972,95,24.5
2973,100,24.5
2974,105,24.5
2975,110,24.5
2976,115,24.5
2977,120,24.5
2978,125,24.5
2979,130,24.5
2980,135,24.5
2981,140,24.5
2982,145,24.5
2983,150,24.5
2984,155,24.5
2985,160,24.5
2986,165,24.5
2987,170,24.5
2988,175,24.5
2989,180,24.5
2990,185,24.5
2991,190,24.5
2992,195,24.5
2993,200,24.5
2994,205,24.5
2995,210,24.5
2996,215,24.5
2997,220,24.5
2998,225,24.5
2999,230,24.5
3000,235,24.5
3001,240,24.5
3002,245,24.5
3003,250,24.5
3004,255,24.5
3005,260,24.5
3006,265,24.5
3007,270,24.5
3008,275,24.5
3009,280,24.5
3010,285,24.5
3011,290,24.5
3012,295,24.5
3013,300,24.5
3014,305,24.5
3015,310,24.5
3016,315,24.5
3017,320,24.5
3018,325,24.5
3019,330,24.5
3020,335,24.5
3021,340,24.5
3022,345,24.5
3023,350,24.5
3024,355,24.5
3025,0,25
3026,5,25
3027,10,25
3028,15,25
3029,20,25
3030,25,25
3031,30,25
3032,35,25
3033,40,25
3034,45,25
3035,50,25
3036,55,25
3037,60,25
3038,65,25
3039,70,25
3040,75,25
3041,80,25
3042,85,25
3043,90,25
3044,95,25
3045,100,25
3046,105,25
3047,110,25
3048,115,25
3049,120,25
3050,125,25
3051,130,25
3052,135,25
3053,140,25
3054,145,25
3055,150,25
3056,155,25
3057,160,25
3058,165,25
3059,170,25
3060,175,25
3061,180,25
3062,185,25
3063,190,25
3064,195,25
3065,200,25
3066,205,25
3067,210,25
3068,215,25
3069,220,25
3070,225,25
3071,230,25
3072,235,25
3073,240,25
3074,245,25
3075,250,25
3076,255,25
3077,260,25
3078,265,25
3079,270,25
3080,275,25
3081,280,25
3082,285,25
3083,290,25
3084,295,25
3085,300,25
3086,305,25
3087,310,25
3088,315,25
3089,320,25
3090,325,25
3091,330,25
3092,335,25
3093,340,25
3094,345,25
3095,350,25
3096,355,25